{"mean":{"confidence_interval":{"confidence_level":0.95,"lower_bound":66404.79306292109,"upper_bound":67324.4137337468},"point_estimate":66805.43589522758,"standard_error":236.1114096306459},"median":{"confidence_interval":{"confidence_level":0.95,"lower_bound":66129.19540229885,"upper_bound":66441.7741644083},"point_estimate":66231.09427609429,"standard_error":71.00212623153203},"median_abs_dev":{"confidence_interval":{"confidence_level":0.95,"lower_bound":333.2953121731911,"upper_bound":1122.3427153685534},"point_estimate":487.70018699376635,"standard_error":203.52150376890293},"slope":{"confidence_interval":{"confidence_level":0.95,"lower_bound":66623.02627305986,"upper_bound":67224.25919234232},"point_estimate":66912.92123540712,"standard_error":153.16255251396666},"std_dev":{"confidence_interval":{"confidence_level":0.95,"lower_bound":1152.845770118054,"upper_bound":3677.7180749388103},"point_estimate":2380.531786193143,"standard_error":788.6330806703512}}