{"mean":{"confidence_interval":{"confidence_level":0.95,"lower_bound":9328.543377360977,"upper_bound":9459.128862807484},"point_estimate":9387.23800755,"standard_error":33.631376180909136},"median":{"confidence_interval":{"confidence_level":0.95,"lower_bound":9244.672843665769,"upper_bound":9432.801161103049},"point_estimate":9317.717777505513,"standard_error":53.204230165744384},"median_abs_dev":{"confidence_interval":{"confidence_level":0.95,"lower_bound":168.39207056466898,"upper_bound":269.9236469511653},"point_estimate":249.42446726994362,"standard_error":24.601773465794505},"slope":{"confidence_interval":{"confidence_level":0.95,"lower_bound":9391.406673290456,"upper_bound":9479.553181986663},"point_estimate":9436.493117264416,"standard_error":22.561603225493876},"std_dev":{"confidence_interval":{"confidence_level":0.95,"lower_bound":174.08234728645076,"upper_bound":490.2898109982375},"point_estimate":336.8504861191603,"standard_error":86.04385028639501}}