{"mean":{"confidence_interval":{"confidence_level":0.95,"lower_bound":37098.26801998181,"upper_bound":37351.67766143927},"point_estimate":37226.19176826744,"standard_error":64.4605884502134},"median":{"confidence_interval":{"confidence_level":0.95,"lower_bound":37181.33102852204,"upper_bound":37489.44353518821},"point_estimate":37427.05586080586,"standard_error":77.6772687736262},"median_abs_dev":{"confidence_interval":{"confidence_level":0.95,"lower_bound":257.74999950571123,"upper_bound":746.4891666114167},"point_estimate":574.982505776037,"standard_error":138.46566790524932},"slope":{"confidence_interval":{"confidence_level":0.95,"lower_bound":37075.813918227104,"upper_bound":37449.498039776285},"point_estimate":37243.19896329472,"standard_error":95.81843964084122},"std_dev":{"confidence_interval":{"confidence_level":0.95,"lower_bound":510.274984599425,"upper_bound":786.883337210964},"point_estimate":648.3015173897826,"standard_error":71.06246660118069}}