{"mean":{"confidence_interval":{"confidence_level":0.95,"lower_bound":222171609.47500002,"upper_bound":636682995.6999999},"point_estimate":413517049.0,"standard_error":105549572.63494535},"median":{"confidence_interval":{"confidence_level":0.95,"lower_bound":93544050.0,"upper_bound":97758300.0},"point_estimate":95298150.0,"standard_error":1134609.7025054756},"median_abs_dev":{"confidence_interval":{"confidence_level":0.95,"lower_bound":4791911.374926567,"upper_bound":7636427.684426308},"point_estimate":6093337.631821632,"standard_error":699916.1617151832},"slope":null,"std_dev":{"confidence_interval":{"confidence_level":0.95,"lower_bound":637885074.9203537,"upper_bound":1420679567.2577355},"point_estimate":1062423859.0871058,"standard_error":200228330.99320745}}