{"mean":{"confidence_interval":{"confidence_level":0.95,"lower_bound":65061.390100874676,"upper_bound":65605.86927249168},"point_estimate":65342.74324848827,"standard_error":139.46022619005348},"median":{"confidence_interval":{"confidence_level":0.95,"lower_bound":65649.89648033127,"upper_bound":65959.21052631579},"point_estimate":65757.64768594006,"standard_error":67.4391324903941},"median_abs_dev":{"confidence_interval":{"confidence_level":0.95,"lower_bound":430.3372495028443,"upper_bound":758.1159715989291},"point_estimate":597.9876665725035,"standard_error":79.35586700570565},"slope":{"confidence_interval":{"confidence_level":0.95,"lower_bound":65899.89404937488,"upper_bound":66143.26033510805},"point_estimate":66029.90341784712,"standard_error":61.892155493940756},"std_dev":{"confidence_interval":{"confidence_level":0.95,"lower_bound":1089.2708656760994,"upper_bound":1683.8157755051284},"point_estimate":1401.058050493171,"standard_error":152.5885691163552}}