{"mean":{"confidence_interval":{"confidence_level":0.95,"lower_bound":86993.99815284667,"upper_bound":87621.63933818959},"point_estimate":87322.13254933566,"standard_error":160.04219248321266},"median":{"confidence_interval":{"confidence_level":0.95,"lower_bound":87699.50216450216,"upper_bound":87982.32231404958},"point_estimate":87896.17746088334,"standard_error":80.139393348668},"median_abs_dev":{"confidence_interval":{"confidence_level":0.95,"lower_bound":368.296660128085,"upper_bound":1004.7556488286946},"point_estimate":560.9475120116695,"standard_error":166.64489205656693},"slope":{"confidence_interval":{"confidence_level":0.95,"lower_bound":87135.81212272533,"upper_bound":87747.84392329886},"point_estimate":87447.87554576353,"standard_error":155.87707638365953},"std_dev":{"confidence_interval":{"confidence_level":0.95,"lower_bound":1171.7986178822969,"upper_bound":1992.9279386787375},"point_estimate":1611.5889197026795,"standard_error":209.88799094852368}}