{"mean":{"confidence_interval":{"confidence_level":0.95,"lower_bound":66486.66357725975,"upper_bound":67627.36378729898},"point_estimate":66930.02114338323,"standard_error":305.3803195859483},"median":{"confidence_interval":{"confidence_level":0.95,"lower_bound":66228.53874883287,"upper_bound":67245.99184278828},"point_estimate":66958.52644087939,"standard_error":298.5478908548023},"median_abs_dev":{"confidence_interval":{"confidence_level":0.95,"lower_bound":468.02877534467996,"upper_bound":1233.9866824401759},"point_estimate":954.0756568139974,"standard_error":208.11795509058268},"slope":{"confidence_interval":{"confidence_level":0.95,"lower_bound":67086.85706211021,"upper_bound":67278.29230438964},"point_estimate":67190.94281069898,"standard_error":49.137347990677085},"std_dev":{"confidence_interval":{"confidence_level":0.95,"lower_bound":833.7495989257965,"upper_bound":5061.586492690983},"point_estimate":3045.7087276469942,"standard_error":1410.223882090322}}